<?xml version="1.0"?>
<dungeon>
	<maps>
		<map id = "0">
			<file>maps/Dungeon.tmx</file>
			<music volume = "60">Audio/Music/Song_of_Storms.ogg</music>
			<Link>
				<room x = "0" y = "3"></room>
				<pos x = "500" y = "400"></pos>		
			</Link>
			<rooms>
				<room x = "0" y = "0" w = "1024" h = "576">
					<items>
						<item subtype = "heart_conatiner" x = "50" y = "50"></item>
					</items>
					<blocks>
						<block subtype = "bush" x = "100" y = "100"></block>
					</blocks
					<doorways>
						<!--<doorway subtype = "" dir = "Up" x = "150" y = "150"></doorway>-->
					</doorways>
					<enemies>
						<enemy subtype = "t_bluesoldier" x = "90" y = "90"></enemy>
						<enemy subtype = "t_bluesoldier" x = "80" y = "90"></enemy>
					</enemies>
				</room>
			</rooms>
		</maps>
	</maps>
</dungeon>