<?xml version="1.0"?>
<dungeon>
  <!-- 
       <doorway subtype="dw_dungeon" dir="Up" x="0" y="0"/>
       <doorway subtype="dw_dungeon" dir="Down" x="0" y="0"/>
       <doorway subtype="dw_dungeon" dir="Right" x="0" y="0"/>
       <doorway subtype="dw_dungeon" dir="Left" x="0" y="0"/>  -->
 <maps>
  <map id="0">
   <file>Dungeon.tmx</file>

   <music volume="60">Audio/Music/Song_of_Storms.ogg</music>

   <Link>
    <room x="2" y="3"/>
    <pos x="512" y="238"/>	
   </Link>

   <rooms>
   
    <room x="0" y="1" w="1024" h="576">

     <items>
      <item subtype="heart_container" x="50" y="50"/>
     </items>

     <blocks>
      <block subtype="bush" x="0" y="0"/>
     </blocks>

     <doorways>
       <doorway subtype="dw_dungeon" dir="Down" x="0" y="0"/>
     </doorways>

     <enemies>
     
     </enemies>

    </room>

    <room x="0" y="2" w="1024" h="576">

     <items>
      <item subtype="heart_container" x="50" y="50"/>
     </items>

     <blocks>
      <block subtype="bush" x="100" y="100"/>
     </blocks>

     <doorways>
       <doorway subtype="dw_dungeon" dir="Right" x="0" y="0"/>
       <doorway subtype="dw_dungeon" dir="Up" x="0" y="0"/>
     </doorways>

     <enemies>
   
     </enemies>

    </room>
    
<<<<<<< HEAD
=======
    <room x="0" y="3" w="1024" h="576">
     <enemies>
	<enemy subtype="t_bluearcher" x="500" y="120"/>
     </enemies>
     <blocks>
      <block subtype="pot" x="100" y="100"/>
     </blocks>

     <doorways>
      <doorway subtype="dw_dungeon" dir="Up"/>
      <doorway subtype="dw_cam" target_x="20" target_y="20" dir="Left" x="60" y="60"/>
      <doorway subtype="dw_scene" scene="village" dir="Down" x="120" y ="400"/>
     </doorways>

    </room>
  
>>>>>>> origin/Develop
    <room x="1" y="1" w="1024" h="576">

     <items>
       
     </items>

     <blocks>
      
     </blocks>

     <doorways>
       <doorway subtype="dw_dungeon" dir="Right" x="0" y="0"/>
     </doorways>

     <enemies>

     </enemies>

    </room>
     
    <room x="1" y="2" w="1024" h="576">

       <items>
       </items>
       <blocks>
       </blocks>
      <doorways>
        <doorway subtype="dw_dungeon" dir="Right" x="0" y="0"/>
        <doorway subtype="dw_dungeon" dir="Left" x="0" y="0"/>
      </doorways>
     </room>

    <room x="2" y="0" w="1024" h="576">

       <items>
       </items>
       <blocks>
       </blocks>
      <doorways>
        <doorway subtype="dw_dungeon" dir="Down" x="0" y="0"/>
        <doorway subtype="dw_dungeon" dir="Right" x="0" y="0"/>
      </doorways>

     </room>

    <room x="2" y="1" w="1024" h="576">

       <items>
       </items>
       <blocks>
       </blocks>
      <doorways>
        <doorway subtype="dw_dungeon" dir="Up" x="0" y="0"/>
        <doorway subtype="dw_dungeon" dir="Down" x="0" y="0"/>
        <doorway subtype="dw_dungeon" dir="Right" x="0" y="0"/>
        <doorway subtype="dw_dungeon" dir="Left" x="0" y="0"/>
      </doorways>
     </room>
     
    <room x="2" y="2" w="1024" h="576">

       <items>
       </items>
       <blocks>
       </blocks>
       <doorways>
         <doorway subtype="dw_dungeon" dir="Up" x="0" y="0"/>
         <doorway subtype="dw_dungeon" dir="Down" x="0" y="0"/>
         <doorway subtype="dw_dungeon" dir="Left" x="0" y="0"/>
       </doorways>
     </room>
     
    <room x="2" y="3" w="1024" h="576">

       <items>
       </items>
       <blocks>
       </blocks>
       <doorways>
         <doorway subtype="dw_dungeon" dir="Up" x="0" y="0"/>
       </doorways>
     </room>

    <room x="3" y="0" w="1024" h="576">

       <items>
       </items>
       <blocks>
       </blocks>
       <doorways>
         <doorway subtype="dw_dungeon" dir="Left" x="0" y="0"/>
       </doorways>
     </room>
    
   </rooms>

  </map>