<?xml version="1.0"?>
<village>
  <maps>
    <map id="0">
      <file>Village.tmx</file>
      <camera follow ="true"/>
      <music volume="60">Audio/Music/Forest_Theme.ogg</music>

      <Link>
        <room x="0" y="0"/>
        <pos x="335" y="1600"/>
      </Link>
<!-- House -->
      <rooms>
        <room x="0" y="0" w="200" h="200">
          <items>
          </items>
          <blocks>
          </blocks>
          <doorways>
            <doorway subtype="dw_cam" target_x="1700" target_y="1780" dir="Down" x="370" y="1820"/>
          </doorways>

        </room>
<!-- Shop -->
        <room x="0" y="1" w="200" h="200">
          <items>
            <item subtype="pegasus_boots" x="3175" y="200"/>
            <item subtype="weapon_bow" x="2975" y="200"/>
          </items>

          <blocks>
          </blocks>

          <doorways>
            <doorway subtype="dw_cam" target_x="2200" target_y="900" dir="Down" x="3090" y="350"/>
          </doorways>

          <enemies>
          </enemies>

        </room>
<!-- Overworld -->
        <room x="0" y="2" w="200" h="200">
          
          <items>
          </items>

          <blocks>
          </blocks>

          <doorways>
            <!-- To House -->
            <doorway subtype="dw_cam" target_x="390" target_y="1600" dir="Up" x="1710" y="610"/>
            <!-- To Shop -->
            <doorway subtype="dw_cam" target_x="3090" target_y="850" dir="Up" x="2207" y="-305"/>
            <!-- To Dungeon -->
            <doorway subtype="dw_scene" scene="dungeon" dir="Up" x="2000" y ="-800"/>
          </doorways>

          <enemies>
          </enemies>

        </room>
      </rooms>
    </map>
  </maps>
</village>