﻿<!-- Npc1 Animations -->
<animations>

  <name value = "0" />

  <IDLE>
    <!-- Idle -->
    <name value = "0"  />

    <UP>
      <values name = "0" x ="22" y = "53" w = "22" h = "27" frameNumber = "1" margin = "" pivot_x = "10" pivot_y = "21" flip= "0"/>
    </UP>

    <DOWN>
      <values name = "1" x ="1" y = "53" w = "22" h = "27" frameNumber = "1" margin = "" pivot_x = "10" pivot_y = "21" flip= "0"/>
    </DOWN>

    <RIGHT>
      <values name = "2" x ="43" y = "53" w = "22" h = "27" frameNumber = "1" margin = "" pivot_x = "10" pivot_y = "21" flip= "0"/>
    </RIGHT>

    <LEFT>
      <values name = "3" x ="64" y = "53" w = "22" h = "27" frameNumber = "1" margin = "" pivot_x = "10" pivot_y = "21" flip= "0"/>
    </LEFT>

    <loop value = "true" />

    <speed value = "0.15" />

  </IDLE>
</animations>