<!-- Save game for the game -->

<game_state>

  <renderer>
    <camera x="100" y="0"/>
  </renderer>

  <player>
    <keys>
      <key id="0" completed="false"/>
      <key id="1" completed="false"/>
      <key id="2" completed="false"/>
      <key id="3" completed="false"/>
      <key id="4" completed="false"/>
    </keys>
    <rupees n="0"/>
    <hp curr="6" max="6"/>
    <weapons curr_weapon ="t_sword" sword="true" bow ="true" />
    <items power_gauntlet = "false"
        pegasus_boots="false"
        heart_container="false"
        gold_gauntlet="false"
        wind_cape="false"
        magic_hammer="false"
        small_shield="false"
        vanguard_emblem="false"
        magic_sphere="false"
        magic_mirror="false"
        golden_shield="false"
        mysterious_dust="false"
        odd_mushroom="false"
        bag_of_rupees="false"
        icon_of_power="false"
        icon_of_wisdom="false"
        icon_of_valor="false"
        boss_key="false"
        drop_heart="false"
        drop_bomb="false"
        drop_potion="false"
        drop_rupee="false"
        drop_fiverupee="false"
        drop_tenrupee="false"
        weapon_sword="true"
        weapon_bow="false"/>
    <!-- checkpoints are used to know in which room is link in the saving moment-->
    <dungeon in="true" map = "1" room_x ="0" room_y="2" map1_comp="false" map2_comp="false" map3_comp="false" map4_comp="false" map5_comp="false"/>
  </player>

</game_state>