<?xml version="1.0"?>
<dungeon> 
<maps>
  <map id="0">
   <file>Dungeon.tmx</file>

   <music volume="60">Audio/Music/Song_of_Storms.ogg</music>

   <Link>
    <room x="2" y="3"/>
    <pos x="512" y="238"/>	
   </Link>

   <rooms>

    <room x="1" y="1" w="1024" h="576">
     <doorways>
       <doorway subtype="dw_dungeon" dir="Right" x="0" y="0"/>
     </doorways>

     <enemies>
	<enemy subtype="t_geldman" x="100" y="100"/>
     </enemies>

    </room>
     
    <room x="1" y="2" w="1024" h="576">
	<enemies>
		<enemy subtype="t_bluearcher" x="500" y="275"/>
	</enemies>
      <doorways>
        <doorway subtype="dw_dungeon" dir="Right" x="0" y="0"/>
        <doorway subtype="dw_dungeon" dir="Left" x="0" y="0"/>
      </doorways>
     </room>

    <room x="2" y="1" w="1024" h="576">
	<enemies>
		<enemy subtype="t_freezor" x="500" y="275"/>
	</enemies>
      <doorways>
        <doorway subtype="dw_dungeon" dir="Up" x="0" y="0"/>
        <doorway subtype="dw_dungeon" dir="Down" x="0" y="0"/>
        <doorway subtype="dw_dungeon" dir="Left" x="0" y="0"/>
      </doorways>
     </room>
     
    <room x="2" y="2" w="1024" h="576">
	<enemies>
		<enemy subtype="t_GBat" x="500" y="100"/>
		<enemy subtype="t_GBat" x="100" y="100"/>
		<enemy subtype="t_GBat" x="900" y="100"/>
	</enemies>
       <doorways>
         <doorway subtype="dw_dungeon" dir="Up" x="0" y="0"/>
         <doorway subtype="dw_dungeon" dir="Down" x="0" y="0"/>
         <doorway subtype="dw_dungeon" dir="Left" x="0" y="0"/>
       </doorways>
     </room>
     
    <room x="2" y="3" w="1024" h="576">
       <doorways>
         <doorway subtype="dw_dungeon" dir="Up" x="0" y="0"/>
       </doorways>
     </room>
   </rooms>

  </map>
 </maps>
</dungeon>